Model,RMSE,R2 Score
XGBoost,0.025036330124841702,0.7588490516635413
KNN,0.029288008293204555,0.6699898382858045
Random Forest,0.031050224508069227,0.6290826702639055
Decision Tree,0.04953202070371992,0.056113603906863596
