Model,RMSE,R2 Score
Decision Tree,0.04953202070371992,0.056113603906863596
Random Forest,0.02991981528598811,0.6555981693264215
KNN,0.029288008293204555,0.6699898382858045
XGBoost,0.025036330124841702,0.7588490516635413
